instâncias,Memória
serviço,Mininet
1,Mininet
1,Mininet
1,Mininet
1,Mininet
1,Mininet
1,Mininet
1,Mininet
100,Mininet
100,Mininet
100,Mininet
100,Mininet
100,Mininet
100,Mininet
100,Mininet
100,Mininet
100,Mininet
100,Mininet
100,Mininet
100,Mininet
100,Mininet
100,Mininet
100,Mininet
100,Mininet
100,Mininet
100,Mininet
100,Mininet
100,Mininet
100,Mininet
100,Mininet
100,Mininet
100,Mininet
100,Mininet
100,Mininet
100,Mininet
100,Mininet
100,Mininet
100,Mininet
100,Mininet
100,Mininet
100,Mininet
100,Mininet
100,Mininet
100,Mininet
100,Mininet
100,Mininet
100,Mininet
100,Mininet
100,Mininet
100,Mininet
100,Mininet
100,Mininet
100,Mininet
100,Mininet
100,Mininet
100,Mininet
100,Mininet
100,Mininet
100,Mininet
100,Mininet
100,Mininet
100,Mininet
100,Mininet
100,Mininet
100,Mininet
100,Mininet
100,Mininet
100,Mininet
100,Mininet
100,Mininet
100,Mininet
100,Mininet
100,Mininet
100,Mininet
100,Mininet
100,Mininet
100,Mininet
100,Mininet
100,Mininet
100,Mininet
100,Mininet
100,Mininet
100,Mininet
100,Mininet
100,Mininet
100,Mininet
100,Mininet
100,Mininet
100,Mininet
100,Mininet
100,Mininet
100,Mininet
100,Mininet
100,Mininet
100,Mininet
100,Mininet
100,Mininet
100,Mininet
100,Mininet
100,Mininet
serviço,LXC
1,LXC
1,LXC
1,LXC
100,LXC
100,LXC
100,LXC
100,LXC
100,LXC
100,LXC
100,LXC
100,LXC
100,LXC
100,LXC
100,LXC
100,LXC
100,LXC
100,LXC
100,LXC
100,LXC
100,LXC
100,LXC
100,LXC
100,LXC
100,LXC
100,LXC
100,LXC
100,LXC
100,LXC
100,LXC
100,LXC
100,LXC
100,LXC
100,LXC
100,LXC
100,LXC
100,LXC
100,LXC
100,LXC
100,LXC
100,LXC
100,LXC
100,LXC
100,LXC
100,LXC
100,LXC
100,LXC
100,LXC
100,LXC
100,LXC
100,LXC
100,LXC
100,LXC
100,LXC
100,LXC
100,LXC
100,LXC
100,LXC
100,LXC
100,LXC
100,LXC
100,LXC
100,LXC
100,LXC
100,LXC
100,LXC
100,LXC
100,LXC
100,LXC
100,LXC
100,LXC
100,LXC
100,LXC
100,LXC
100,LXC
100,LXC
100,LXC
100,LXC
100,LXC
100,LXC
100,LXC
100,LXC
100,LXC
100,LXC
100,LXC
100,LXC
100,LXC
100,LXC
100,LXC
100,LXC
100,LXC
100,LXC
100,LXC
100,LXC
100,LXC
100,LXC
100,LXC
100,LXC
100,LXC
100,LXC
100,LXC
100,LXC
100,LXC
100,LXC
100,LXC
100,LXC
100,LXC
100,LXC
100,LXC
100,LXC
100,LXC
100,LXC
100,LXC
100,LXC
100,LXC
100,LXC
100,LXC
100,LXC
100,LXC
100,LXC
100,LXC
100,LXC
100,LXC
100,LXC
100,LXC
100,LXC
100,LXC
100,LXC
100,LXC
100,LXC
100,LXC
100,LXC
100,LXC
100,LXC
100,LXC
100,LXC
100,LXC
100,LXC
100,LXC
100,LXC
100,LXC
100,LXC
100,LXC
100,LXC
100,LXC
100,LXC
100,LXC
100,LXC
100,LXC
100,LXC
100,LXC
100,LXC
100,LXC
100,LXC
100,LXC
100,LXC
100,LXC
100,LXC
100,LXC
100,LXC
100,LXC
100,LXC
100,LXC
100,LXC
100,LXC
100,LXC
100,LXC
100,LXC
100,LXC
100,LXC
100,LXC
100,LXC
100,LXC
100,LXC
100,LXC
100,LXC
100,LXC
100,LXC
100,LXC
100,LXC
100,LXC
100,LXC
100,LXC
100,LXC
100,LXC
100,LXC
100,LXC
100,LXC
100,LXC
100,LXC
100,LXC
100,LXC
100,LXC
100,LXC
100,LXC
100,LXC
100,LXC
100,LXC
100,LXC
100,LXC
100,LXC
100,LXC
100,LXC
100,LXC
100,LXC
100,LXC
100,LXC
100,LXC
100,LXC
100,LXC
100,LXC
100,LXC
100,LXC
100,LXC
100,LXC
100,LXC
100,LXC
100,LXC
100,LXC
100,LXC
100,LXC
100,LXC
100,LXC
100,LXC
100,LXC
100,LXC
100,LXC
100,LXC
100,LXC
100,LXC
100,LXC
100,LXC
100,LXC
100,LXC
100,LXC
100,LXC
100,LXC
100,LXC
100,LXC
100,LXC
100,LXC
100,LXC
100,LXC
100,LXC
100,LXC
100,LXC
100,LXC
100,LXC
100,LXC
100,LXC
100,LXC
100,LXC
100,LXC
100,LXC
100,LXC
100,LXC
100,LXC
100,LXC
100,LXC
100,LXC
100,LXC
100,LXC
100,LXC
100,LXC
serviço,LXD
serviço,LXD
serviço,LXD
serviço,LXD
serviço,LXD
serviço,LXD
serviço,LXD
serviço,LXD
serviço,LXD
serviço,LXD
serviço,LXD
serviço,LXD
serviço,LXD
serviço,LXD
serviço,LXD
serviço,LXD
serviço,LXD
serviço,LXD
1,LXD
1,LXD
1,LXD
1,LXD
1,LXD
1,LXD
1,LXD
1,LXD
1,LXD
1,LXD
1,LXD
1,LXD
1,LXD
1,LXD
1,LXD
1,LXD
1,LXD
1,LXD
1,LXD
1,LXD
100,LXD
100,LXD
100,LXD
100,LXD
100,LXD
100,LXD
100,LXD
100,LXD
100,LXD
100,LXD
100,LXD
100,LXD
100,LXD
100,LXD
100,LXD
100,LXD
100,LXD
100,LXD
100,LXD
100,LXD
100,LXD
100,LXD
100,LXD
100,LXD
100,LXD
100,LXD
100,LXD
100,LXD
100,LXD
100,LXD
100,LXD
100,LXD
100,LXD
100,LXD
100,LXD
100,LXD
100,LXD
100,LXD
100,LXD
100,LXD
100,LXD
100,LXD
100,LXD
100,LXD
100,LXD
100,LXD
100,LXD
100,LXD
100,LXD
100,LXD
100,LXD
100,LXD
100,LXD
100,LXD
100,LXD
100,LXD
100,LXD
100,LXD
100,LXD
100,LXD
100,LXD
100,LXD
100,LXD
100,LXD
100,LXD
100,LXD
100,LXD
100,LXD
100,LXD
100,LXD
100,LXD
100,LXD
100,LXD
100,LXD
100,LXD
100,LXD
100,LXD
100,LXD
100,LXD
100,LXD
100,LXD
100,LXD
100,LXD
100,LXD
100,LXD
100,LXD
100,LXD
100,LXD
100,LXD
100,LXD
100,LXD
100,LXD
100,LXD
100,LXD
100,LXD
100,LXD
100,LXD
100,LXD
100,LXD
100,LXD
100,LXD
100,LXD
100,LXD
100,LXD
100,LXD
100,LXD
100,LXD
100,LXD
100,LXD
100,LXD
100,LXD
100,LXD
100,LXD
100,LXD
100,LXD
100,LXD
100,LXD
100,LXD
100,LXD
100,LXD
100,LXD
100,LXD
100,LXD
100,LXD
100,LXD
100,LXD
100,LXD
100,LXD
100,LXD
100,LXD
100,LXD
100,LXD
100,LXD
100,LXD
100,LXD
100,LXD
100,LXD
100,LXD
100,LXD
100,LXD
100,LXD
100,LXD
100,LXD
100,LXD
100,LXD
100,LXD
100,LXD
100,LXD
100,LXD
100,LXD
100,LXD
100,LXD
100,LXD
100,LXD
100,LXD
100,LXD
100,LXD
100,LXD
100,LXD
100,LXD
100,LXD
100,LXD
100,LXD
100,LXD
100,LXD
100,LXD
100,LXD
100,LXD
100,LXD
100,LXD
100,LXD
100,LXD
100,LXD
100,LXD
100,LXD
100,LXD
100,LXD
100,LXD
100,LXD
100,LXD
100,LXD
100,LXD
100,LXD
100,LXD
100,LXD
100,LXD
100,LXD
100,LXD
100,LXD
100,LXD
100,LXD
100,LXD
100,LXD
100,LXD
100,LXD
100,LXD
100,LXD
100,LXD
100,LXD
100,LXD
100,LXD
100,LXD
100,LXD
100,LXD
100,LXD
100,LXD
100,LXD
100,LXD
100,LXD
100,LXD
100,LXD
100,LXD
100,LXD
100,LXD
100,LXD
100,LXD
100,LXD
100,LXD
100,LXD
100,LXD
100,LXD
100,LXD
100,LXD
100,LXD
100,LXD
100,LXD
100,LXD
100,LXD
100,LXD
100,LXD
100,LXD
100,LXD
100,LXD
100,LXD
100,LXD
100,LXD
100,LXD
100,LXD
100,LXD
100,LXD
100,LXD
100,LXD
100,LXD
100,LXD
100,LXD
100,LXD
100,LXD
100,LXD
100,LXD
100,LXD
100,LXD
100,LXD
100,LXD
100,LXD
100,LXD
100,LXD
100,LXD
100,LXD
100,LXD
100,LXD
100,LXD
100,LXD
100,LXD
100,LXD
100,LXD
100,LXD
100,LXD
100,LXD
100,LXD
100,LXD
100,LXD
100,LXD
100,LXD
100,LXD
100,LXD
100,LXD
100,LXD
100,LXD
100,LXD
100,LXD
100,LXD
100,LXD
100,LXD
100,LXD
100,LXD
100,LXD
100,LXD
100,LXD
100,LXD
100,LXD
100,LXD
100,LXD
100,LXD
100,LXD
100,LXD
100,LXD
100,LXD
100,LXD
100,LXD
100,LXD
100,LXD
100,LXD
100,LXD
100,LXD
100,LXD
100,LXD
100,LXD
100,LXD
100,LXD
100,LXD
100,LXD
100,LXD
100,LXD
100,LXD
100,LXD
100,LXD
100,LXD
100,LXD
100,LXD
100,LXD
100,LXD
100,LXD
100,LXD
100,LXD
100,LXD
100,LXD
100,LXD
100,LXD
100,LXD
100,LXD
100,LXD
100,LXD
100,LXD
100,LXD
100,LXD
100,LXD
100,LXD
100,LXD
100,LXD
100,LXD
100,LXD
100,LXD
100,LXD
100,LXD
100,LXD
100,LXD
100,LXD
100,LXD
100,LXD
100,LXD
100,LXD
100,LXD
100,LXD
100,LXD
100,LXD
100,LXD
100,LXD
100,LXD
100,LXD
100,LXD
100,LXD
100,LXD
100,LXD
100,LXD
100,LXD
100,LXD
100,LXD
100,LXD
100,LXD
100,LXD
100,LXD
100,LXD
100,LXD
100,LXD
100,LXD
100,LXD
100,LXD
100,LXD
100,LXD
100,LXD
100,LXD
100,LXD
100,LXD
100,LXD
100,LXD
100,LXD
100,LXD
100,LXD
100,LXD
100,LXD
100,LXD
100,LXD
100,LXD
100,LXD
100,LXD
100,LXD
100,LXD
100,LXD
100,LXD
100,LXD
100,LXD
100,LXD
100,LXD
100,LXD
100,LXD
100,LXD
100,LXD
100,LXD
100,LXD
100,LXD
100,LXD
100,LXD
100,LXD
100,LXD
100,LXD
100,LXD
100,LXD
100,LXD
100,LXD
100,LXD
100,LXD
100,LXD
100,LXD
100,LXD
100,LXD
100,LXD
100,LXD
100,LXD
100,LXD
100,LXD
100,LXD
100,LXD
100,LXD
100,LXD
100,LXD
100,LXD
100,LXD
100,LXD
100,LXD
100,LXD
100,LXD
100,LXD
100,LXD
100,LXD
100,LXD
100,LXD
100,LXD
100,LXD
100,LXD
100,LXD
100,LXD
100,LXD
100,LXD
100,LXD
100,LXD
100,LXD
100,LXD
100,LXD
100,LXD
100,LXD
100,LXD
100,LXD
100,LXD
100,LXD
100,LXD
100,LXD
100,LXD
100,LXD
100,LXD
100,LXD
100,LXD
100,LXD
100,LXD
100,LXD
100,LXD
100,LXD
100,LXD
100,LXD
100,LXD
100,LXD
100,LXD
100,LXD
100,LXD
100,LXD
100,LXD
100,LXD
100,LXD
100,LXD
100,LXD
100,LXD
100,LXD
100,LXD
100,LXD
100,LXD
100,LXD
100,LXD
100,LXD
100,LXD
100,LXD
100,LXD
100,LXD
100,LXD
100,LXD
100,LXD
100,LXD
100,LXD
100,LXD
100,LXD
100,LXD
100,LXD
100,LXD
100,LXD
100,LXD
100,LXD
100,LXD
100,LXD
100,LXD
100,LXD
100,LXD
100,LXD
100,LXD
100,LXD
100,LXD
100,LXD
100,LXD
100,LXD
100,LXD
100,LXD
100,LXD
100,LXD
100,LXD
100,LXD
100,LXD
100,LXD
100,LXD
100,LXD
100,LXD
100,LXD
100,LXD
100,LXD
100,LXD
100,LXD
100,LXD
100,LXD
100,LXD
100,LXD
100,LXD
100,LXD
100,LXD
100,LXD
100,LXD
100,LXD
100,LXD
100,LXD
100,LXD
100,LXD
100,LXD
100,LXD
100,LXD
100,LXD
100,LXD
100,LXD
100,LXD
100,LXD
100,LXD
100,LXD
100,LXD
100,LXD
100,LXD
100,LXD
100,LXD
100,LXD
100,LXD
100,LXD
100,LXD
100,LXD
100,LXD
100,LXD
100,LXD
100,LXD
100,LXD
100,LXD
100,LXD
100,LXD
100,LXD
100,LXD
100,LXD
100,LXD
100,LXD
100,LXD
100,LXD
100,LXD
100,LXD
100,LXD
100,LXD
100,LXD
100,LXD
100,LXD
100,LXD
100,LXD
100,LXD
100,LXD
100,LXD
100,LXD
100,LXD
100,LXD
100,LXD
100,LXD
100,LXD
100,LXD
100,LXD
100,LXD
100,LXD
100,LXD
100,LXD
100,LXD
100,LXD
100,LXD
100,LXD
100,LXD
100,LXD
100,LXD
100,LXD
100,LXD
100,LXD
100,LXD
100,LXD
100,LXD
100,LXD
100,LXD
100,LXD
100,LXD
100,LXD
100,LXD
100,LXD
100,LXD
100,LXD
100,LXD
100,LXD
100,LXD
100,LXD
100,LXD
100,LXD
100,LXD
100,LXD
100,LXD
100,LXD
100,LXD
100,LXD
100,LXD
100,LXD
100,LXD
100,LXD
100,LXD
100,LXD
100,LXD
100,LXD
100,LXD
100,LXD
100,LXD
100,LXD
100,LXD
100,LXD
100,LXD
100,LXD
100,LXD
100,LXD
100,LXD
100,LXD
100,LXD
100,LXD
100,LXD
100,LXD
100,LXD
100,LXD
100,LXD
100,LXD
100,LXD
100,LXD
100,LXD
100,LXD
100,LXD
100,LXD
100,LXD
100,LXD
100,LXD
100,LXD
100,LXD
100,LXD
100,LXD
100,LXD
100,LXD
100,LXD
100,LXD
100,LXD
100,LXD
100,LXD
100,LXD
100,LXD
100,LXD
100,LXD
100,LXD
100,LXD
100,LXD
100,LXD
100,LXD
100,LXD
100,LXD
100,LXD
100,LXD
100,LXD
100,LXD
100,LXD
100,LXD
100,LXD
100,LXD
100,LXD
100,LXD
100,LXD
100,LXD
100,LXD
100,LXD
100,LXD
100,LXD
100,LXD
100,LXD
100,LXD
100,LXD
100,LXD
100,LXD
100,LXD
100,LXD
100,LXD
100,LXD
100,LXD
100,LXD
100,LXD
100,LXD
100,LXD
100,LXD
100,LXD
100,LXD
100,LXD
100,LXD
100,LXD
100,LXD
100,LXD
100,LXD
100,LXD
100,LXD
100,LXD
100,LXD
100,LXD
100,LXD
100,LXD
100,LXD
100,LXD
100,LXD
100,LXD
100,LXD
100,LXD
100,LXD
100,LXD
100,LXD
100,LXD
100,LXD
100,LXD
100,LXD
100,LXD
100,LXD
100,LXD
100,LXD
100,LXD
100,LXD
100,LXD
100,LXD
100,LXD
100,LXD
100,LXD
100,LXD
100,LXD
100,LXD
100,LXD
100,LXD
100,LXD
100,LXD
100,LXD
100,LXD
100,LXD
100,LXD
100,LXD
100,LXD
100,LXD
100,LXD
100,LXD
100,LXD
100,LXD
100,LXD
100,LXD
100,LXD
100,LXD
100,LXD
100,LXD
100,LXD
100,LXD
100,LXD
100,LXD
100,LXD
100,LXD
100,LXD
100,LXD
100,LXD
100,LXD
100,LXD
100,LXD
100,LXD
100,LXD
100,LXD
100,LXD
100,LXD
100,LXD
100,LXD
100,LXD
100,LXD
100,LXD
100,LXD
100,LXD
100,LXD
100,LXD
100,LXD
100,LXD
100,LXD
100,LXD
100,LXD
100,LXD
100,LXD
100,LXD
100,LXD
100,LXD
100,LXD
100,LXD
100,LXD
100,LXD
100,LXD
100,LXD
100,LXD
100,LXD
100,LXD
100,LXD
100,LXD
100,LXD
100,LXD
100,LXD
100,LXD
100,LXD
100,LXD
100,LXD
100,LXD
100,LXD
100,LXD
100,LXD
100,LXD
100,LXD
100,LXD
100,LXD
100,LXD
100,LXD
100,LXD
100,LXD
100,LXD
100,LXD
100,LXD
100,LXD
100,LXD
100,LXD
100,LXD
100,LXD
100,LXD
100,LXD
100,LXD
100,LXD
100,LXD
100,LXD
100,LXD
100,LXD
100,LXD
100,LXD
100,LXD
100,LXD
100,LXD
100,LXD
100,LXD
100,LXD
100,LXD
100,LXD
100,LXD
100,LXD
100,LXD
100,LXD
100,LXD
100,LXD
100,LXD
100,LXD
100,LXD
100,LXD
100,LXD
100,LXD
100,LXD
100,LXD
100,LXD
100,LXD
100,LXD
100,LXD
100,LXD
100,LXD
100,LXD
100,LXD
100,LXD
100,LXD
100,LXD
100,LXD
100,LXD
100,LXD
100,LXD
100,LXD
100,LXD
100,LXD
100,LXD
100,LXD
100,LXD
100,LXD
100,LXD
100,LXD
100,LXD
100,LXD
100,LXD
100,LXD
100,LXD
100,LXD
100,LXD
100,LXD
100,LXD
100,LXD
100,LXD
100,LXD
100,LXD
100,LXD
100,LXD
100,LXD
100,LXD
100,LXD
100,LXD
100,LXD
100,LXD
100,LXD
100,LXD
100,LXD
100,LXD
100,LXD
100,LXD
100,LXD
100,LXD
100,LXD
100,LXD
100,LXD
100,LXD
100,LXD
100,LXD
100,LXD
100,LXD
100,LXD
100,LXD
100,LXD
100,LXD
100,LXD
100,LXD
100,LXD
100,LXD
100,LXD
100,LXD
100,LXD
100,LXD
100,LXD
100,LXD
100,LXD
100,LXD
100,LXD
100,LXD
100,LXD
100,LXD
100,LXD
100,LXD
100,LXD
100,LXD
100,LXD
100,LXD
100,LXD
100,LXD
100,LXD
100,LXD
100,LXD
100,LXD
100,LXD
100,LXD
100,LXD
100,LXD
100,LXD
100,LXD
100,LXD
100,LXD
100,LXD
100,LXD
100,LXD
100,LXD
100,LXD
100,LXD
100,LXD
100,LXD
100,LXD
100,LXD
100,LXD
serviço,Docker
serviço,Docker
serviço,Docker
serviço,Docker
serviço,Docker
serviço,Docker
serviço,Docker
serviço,Docker
serviço,Docker
serviço,Docker
serviço,Docker
serviço,Docker
serviço,Docker
serviço,Docker
serviço,Docker
serviço,Docker
serviço,Docker
serviço,Docker
serviço,Docker
serviço,Docker
serviço,Docker
serviço,Docker
serviço,Docker
serviço,Docker
serviço,Docker
serviço,Docker
serviço,Docker
serviço,Docker
serviço,Docker
serviço,Docker
serviço,Docker
serviço,Docker
serviço,Docker
serviço,Docker
serviço,Docker
serviço,Docker
serviço,Docker
serviço,Docker
serviço,Docker
serviço,Docker
serviço,Docker
serviço,Docker
serviço,Docker
serviço,Docker
serviço,Docker
serviço,Docker
serviço,Docker
serviço,Docker
1,Docker
1,Docker
1,Docker
1,Docker
100,Docker
100,Docker
100,Docker
100,Docker
100,Docker
100,Docker
100,Docker
100,Docker
100,Docker
100,Docker
100,Docker
100,Docker
100,Docker
100,Docker
100,Docker
100,Docker
100,Docker
100,Docker
100,Docker
100,Docker
100,Docker
100,Docker
100,Docker
100,Docker
100,Docker
100,Docker
100,Docker
100,Docker
100,Docker
100,Docker
100,Docker
100,Docker
100,Docker
100,Docker
100,Docker
100,Docker
100,Docker
100,Docker
100,Docker
100,Docker
100,Docker
100,Docker
100,Docker
100,Docker
100,Docker
100,Docker
100,Docker
100,Docker
100,Docker
100,Docker
100,Docker
100,Docker
100,Docker
100,Docker
100,Docker
100,Docker
100,Docker
100,Docker
100,Docker
100,Docker
100,Docker
100,Docker
100,Docker
100,Docker
100,Docker
100,Docker
100,Docker
100,Docker
100,Docker
100,Docker
100,Docker
100,Docker
100,Docker
100,Docker
100,Docker
100,Docker
100,Docker
100,Docker
100,Docker
100,Docker
100,Docker
100,Docker
100,Docker
100,Docker
100,Docker
100,Docker
100,Docker
100,Docker
100,Docker
100,Docker
100,Docker
100,Docker
100,Docker
100,Docker
100,Docker
100,Docker
100,Docker
100,Docker
100,Docker
100,Docker
100,Docker
100,Docker
100,Docker
100,Docker
100,Docker
100,Docker
100,Docker
100,Docker
100,Docker
100,Docker
100,Docker
100,Docker
100,Docker
100,Docker
100,Docker
100,Docker
100,Docker
100,Docker
100,Docker
100,Docker
100,Docker
100,Docker
100,Docker
100,Docker
100,Docker
100,Docker
100,Docker
100,Docker
100,Docker
100,Docker
100,Docker
100,Docker
100,Docker
100,Docker
100,Docker
100,Docker
100,Docker
100,Docker
100,Docker
100,Docker
100,Docker
100,Docker
100,Docker
100,Docker
100,Docker
100,Docker
100,Docker
100,Docker
100,Docker
100,Docker
100,Docker
100,Docker
100,Docker
100,Docker
100,Docker
100,Docker
100,Docker
100,Docker
100,Docker
100,Docker
100,Docker
100,Docker
100,Docker
100,Docker
100,Docker
100,Docker
100,Docker
100,Docker
100,Docker
100,Docker
100,Docker
100,Docker
100,Docker
100,Docker
100,Docker
100,Docker
100,Docker
100,Docker
100,Docker
100,Docker
100,Docker
100,Docker
100,Docker
100,Docker
100,Docker
100,Docker
100,Docker
100,Docker
100,Docker
100,Docker
100,Docker
100,Docker
100,Docker
100,Docker
100,Docker
100,Docker
100,Docker
100,Docker
100,Docker
100,Docker
100,Docker
100,Docker
100,Docker
100,Docker
100,Docker
100,Docker
100,Docker
100,Docker
100,Docker
100,Docker
100,Docker
100,Docker
100,Docker
100,Docker
100,Docker
100,Docker
100,Docker
100,Docker
100,Docker
100,Docker
100,Docker
100,Docker
100,Docker
100,Docker
100,Docker
100,Docker
100,Docker
100,Docker
100,Docker
100,Docker
100,Docker
100,Docker
100,Docker
100,Docker
100,Docker
100,Docker
100,Docker
100,Docker
100,Docker
100,Docker
100,Docker
100,Docker
100,Docker
100,Docker
100,Docker
100,Docker
100,Docker
100,Docker
100,Docker
100,Docker
100,Docker
100,Docker
100,Docker
100,Docker
100,Docker
100,Docker
100,Docker
100,Docker
100,Docker
100,Docker
100,Docker
100,Docker
100,Docker
100,Docker
100,Docker
100,Docker
100,Docker
100,Docker
100,Docker
100,Docker
100,Docker
100,Docker
100,Docker
100,Docker
100,Docker
100,Docker
100,Docker
100,Docker
100,Docker
100,Docker
100,Docker
100,Docker
100,Docker
100,Docker
100,Docker
100,Docker
100,Docker
100,Docker
100,Docker
100,Docker
100,Docker
100,Docker
100,Docker
100,Docker
100,Docker
100,Docker
100,Docker
100,Docker
100,Docker
100,Docker
100,Docker
100,Docker
100,Docker
100,Docker
100,Docker
100,Docker
100,Docker
100,Docker
100,Docker
100,Docker
100,Docker
100,Docker
100,Docker
100,Docker
100,Docker
100,Docker
100,Docker
100,Docker
100,Docker
100,Docker
100,Docker
100,Docker
100,Docker
100,Docker
100,Docker
100,Docker
100,Docker
100,Docker
100,Docker
100,Docker
100,Docker
100,Docker
100,Docker
100,Docker
100,Docker
100,Docker
100,Docker
100,Docker
100,Docker
100,Docker
100,Docker
100,Docker
100,Docker
100,Docker
100,Docker
100,Docker
100,Docker
100,Docker
100,Docker
100,Docker
100,Docker
100,Docker
100,Docker
100,Docker
100,Docker